areaCode,areaName,areaType,date,newDailyNsoDeathsByDeathDate
K02000001,United Kingdom,overview,2023-11-17,26
K02000001,United Kingdom,overview,2023-11-16,29
K02000001,United Kingdom,overview,2023-11-15,28
K02000001,United Kingdom,overview,2023-11-14,40
K02000001,United Kingdom,overview,2023-11-13,33
K02000001,United Kingdom,overview,2023-11-12,26
K02000001,United Kingdom,overview,2023-11-11,34
K02000001,United Kingdom,overview,2023-11-10,40
K02000001,United Kingdom,overview,2023-11-09,51
K02000001,United Kingdom,overview,2023-11-08,40
K02000001,United Kingdom,overview,2023-11-07,40
K02000001,United Kingdom,overview,2023-11-06,48
K02000001,United Kingdom,overview,2023-11-05,58
K02000001,United Kingdom,overview,2023-11-04,42
K02000001,United Kingdom,overview,2023-11-03,55
K02000001,United Kingdom,overview,2023-11-02,42
K02000001,United Kingdom,overview,2023-11-01,57
K02000001,United Kingdom,overview,2023-10-31,47
K02000001,United Kingdom,overview,2023-10-30,48
K02000001,United Kingdom,overview,2023-10-29,69
K02000001,United Kingdom,overview,2023-10-28,51
K02000001,United Kingdom,overview,2023-10-27,51
K02000001,United Kingdom,overview,2023-10-26,44
K02000001,United Kingdom,overview,2023-10-25,63
K02000001,United Kingdom,overview,2023-10-24,47
K02000001,United Kingdom,overview,2023-10-23,44
K02000001,United Kingdom,overview,2023-10-22,45
K02000001,United Kingdom,overview,2023-10-21,51
K02000001,United Kingdom,overview,2023-10-20,63
K02000001,United Kingdom,overview,2023-10-19,64
K02000001,United Kingdom,overview,2023-10-18,59
K02000001,United Kingdom,overview,2023-10-17,59
K02000001,United Kingdom,overview,2023-10-16,45
K02000001,United Kingdom,overview,2023-10-15,53
K02000001,United Kingdom,overview,2023-10-14,50
K02000001,United Kingdom,overview,2023-10-13,35
K02000001,United Kingdom,overview,2023-10-12,49
K02000001,United Kingdom,overview,2023-10-11,64
K02000001,United Kingdom,overview,2023-10-10,53
K02000001,United Kingdom,overview,2023-10-09,51
K02000001,United Kingdom,overview,2023-10-08,56
K02000001,United Kingdom,overview,2023-10-07,62
K02000001,United Kingdom,overview,2023-10-06,57
K02000001,United Kingdom,overview,2023-10-05,54
K02000001,United Kingdom,overview,2023-10-04,50
K02000001,United Kingdom,overview,2023-10-03,40
K02000001,United Kingdom,overview,2023-10-02,47
K02000001,United Kingdom,overview,2023-10-01,52
K02000001,United Kingdom,overview,2023-09-30,48
K02000001,United Kingdom,overview,2023-09-29,41
K02000001,United Kingdom,overview,2023-09-28,50
K02000001,United Kingdom,overview,2023-09-27,52
K02000001,United Kingdom,overview,2023-09-26,33
K02000001,United Kingdom,overview,2023-09-25,41
K02000001,United Kingdom,overview,2023-09-24,41
K02000001,United Kingdom,overview,2023-09-23,39
K02000001,United Kingdom,overview,2023-09-22,42
K02000001,United Kingdom,overview,2023-09-21,34
K02000001,United Kingdom,overview,2023-09-20,43
K02000001,United Kingdom,overview,2023-09-19,44
K02000001,United Kingdom,overview,2023-09-18,45
K02000001,United Kingdom,overview,2023-09-17,36
K02000001,United Kingdom,overview,2023-09-16,27
K02000001,United Kingdom,overview,2023-09-15,43
K02000001,United Kingdom,overview,2023-09-14,44
K02000001,United Kingdom,overview,2023-09-13,49
K02000001,United Kingdom,overview,2023-09-12,39
K02000001,United Kingdom,overview,2023-09-11,38
K02000001,United Kingdom,overview,2023-09-10,48
K02000001,United Kingdom,overview,2023-09-09,44
K02000001,United Kingdom,overview,2023-09-08,52
K02000001,United Kingdom,overview,2023-09-07,40
K02000001,United Kingdom,overview,2023-09-06,46
K02000001,United Kingdom,overview,2023-09-05,46
K02000001,United Kingdom,overview,2023-09-04,33
K02000001,United Kingdom,overview,2023-09-03,39
K02000001,United Kingdom,overview,2023-09-02,35
K02000001,United Kingdom,overview,2023-09-01,26
K02000001,United Kingdom,overview,2023-08-31,24
K02000001,United Kingdom,overview,2023-08-30,36
K02000001,United Kingdom,overview,2023-08-29,38
K02000001,United Kingdom,overview,2023-08-28,24
K02000001,United Kingdom,overview,2023-08-27,31
K02000001,United Kingdom,overview,2023-08-26,24
K02000001,United Kingdom,overview,2023-08-25,31
K02000001,United Kingdom,overview,2023-08-24,29
K02000001,United Kingdom,overview,2023-08-23,26
K02000001,United Kingdom,overview,2023-08-22,33
K02000001,United Kingdom,overview,2023-08-21,30
K02000001,United Kingdom,overview,2023-08-20,33
K02000001,United Kingdom,overview,2023-08-19,46
K02000001,United Kingdom,overview,2023-08-18,28
K02000001,United Kingdom,overview,2023-08-17,35
K02000001,United Kingdom,overview,2023-08-16,33
K02000001,United Kingdom,overview,2023-08-15,24
K02000001,United Kingdom,overview,2023-08-14,27
K02000001,United Kingdom,overview,2023-08-13,22
K02000001,United Kingdom,overview,2023-08-12,37
K02000001,United Kingdom,overview,2023-08-11,24
K02000001,United Kingdom,overview,2023-08-10,34
K02000001,United Kingdom,overview,2023-08-09,14
K02000001,United Kingdom,overview,2023-08-08,14
K02000001,United Kingdom,overview,2023-08-07,13
K02000001,United Kingdom,overview,2023-08-06,20
K02000001,United Kingdom,overview,2023-08-05,22
K02000001,United Kingdom,overview,2023-08-04,13
K02000001,United Kingdom,overview,2023-08-03,12
K02000001,United Kingdom,overview,2023-08-02,20
K02000001,United Kingdom,overview,2023-08-01,18
K02000001,United Kingdom,overview,2023-07-31,17
K02000001,United Kingdom,overview,2023-07-30,10
K02000001,United Kingdom,overview,2023-07-29,13
K02000001,United Kingdom,overview,2023-07-28,16
K02000001,United Kingdom,overview,2023-07-27,13
K02000001,United Kingdom,overview,2023-07-26,16
K02000001,United Kingdom,overview,2023-07-25,11
K02000001,United Kingdom,overview,2023-07-24,9
K02000001,United Kingdom,overview,2023-07-23,11
K02000001,United Kingdom,overview,2023-07-22,8
K02000001,United Kingdom,overview,2023-07-21,12
K02000001,United Kingdom,overview,2023-07-20,3
K02000001,United Kingdom,overview,2023-07-19,14
K02000001,United Kingdom,overview,2023-07-18,11
K02000001,United Kingdom,overview,2023-07-17,8
K02000001,United Kingdom,overview,2023-07-16,8
K02000001,United Kingdom,overview,2023-07-15,10
K02000001,United Kingdom,overview,2023-07-14,5
K02000001,United Kingdom,overview,2023-07-13,15
K02000001,United Kingdom,overview,2023-07-12,8
K02000001,United Kingdom,overview,2023-07-11,9
K02000001,United Kingdom,overview,2023-07-10,11
K02000001,United Kingdom,overview,2023-07-09,8
K02000001,United Kingdom,overview,2023-07-08,9
K02000001,United Kingdom,overview,2023-07-07,7
K02000001,United Kingdom,overview,2023-07-06,13
K02000001,United Kingdom,overview,2023-07-05,12
K02000001,United Kingdom,overview,2023-07-04,10
K02000001,United Kingdom,overview,2023-07-03,7
K02000001,United Kingdom,overview,2023-07-02,14
K02000001,United Kingdom,overview,2023-07-01,13
K02000001,United Kingdom,overview,2023-06-30,19
K02000001,United Kingdom,overview,2023-06-29,14
K02000001,United Kingdom,overview,2023-06-28,8
K02000001,United Kingdom,overview,2023-06-27,18
K02000001,United Kingdom,overview,2023-06-26,10
K02000001,United Kingdom,overview,2023-06-25,21
K02000001,United Kingdom,overview,2023-06-24,13
K02000001,United Kingdom,overview,2023-06-23,15
K02000001,United Kingdom,overview,2023-06-22,9
K02000001,United Kingdom,overview,2023-06-21,17
K02000001,United Kingdom,overview,2023-06-20,20
K02000001,United Kingdom,overview,2023-06-19,21
K02000001,United Kingdom,overview,2023-06-18,19
K02000001,United Kingdom,overview,2023-06-17,15
K02000001,United Kingdom,overview,2023-06-16,24
K02000001,United Kingdom,overview,2023-06-15,24
K02000001,United Kingdom,overview,2023-06-14,30
K02000001,United Kingdom,overview,2023-06-13,27
K02000001,United Kingdom,overview,2023-06-12,31
K02000001,United Kingdom,overview,2023-06-11,32
K02000001,United Kingdom,overview,2023-06-10,23
K02000001,United Kingdom,overview,2023-06-09,19
K02000001,United Kingdom,overview,2023-06-08,24
K02000001,United Kingdom,overview,2023-06-07,24
K02000001,United Kingdom,overview,2023-06-06,24
K02000001,United Kingdom,overview,2023-06-05,22
K02000001,United Kingdom,overview,2023-06-04,27
K02000001,United Kingdom,overview,2023-06-03,32
K02000001,United Kingdom,overview,2023-06-02,25
K02000001,United Kingdom,overview,2023-06-01,33
K02000001,United Kingdom,overview,2023-05-31,22
K02000001,United Kingdom,overview,2023-05-30,34
K02000001,United Kingdom,overview,2023-05-29,24
K02000001,United Kingdom,overview,2023-05-28,25
K02000001,United Kingdom,overview,2023-05-27,37
K02000001,United Kingdom,overview,2023-05-26,44
K02000001,United Kingdom,overview,2023-05-25,25
K02000001,United Kingdom,overview,2023-05-24,34
K02000001,United Kingdom,overview,2023-05-23,31
K02000001,United Kingdom,overview,2023-05-22,39
K02000001,United Kingdom,overview,2023-05-21,34
K02000001,United Kingdom,overview,2023-05-20,30
K02000001,United Kingdom,overview,2023-05-19,47
K02000001,United Kingdom,overview,2023-05-18,37
K02000001,United Kingdom,overview,2023-05-17,50
K02000001,United Kingdom,overview,2023-05-16,50
K02000001,United Kingdom,overview,2023-05-15,33
K02000001,United Kingdom,overview,2023-05-14,30
K02000001,United Kingdom,overview,2023-05-13,32
K02000001,United Kingdom,overview,2023-05-12,49
K02000001,United Kingdom,overview,2023-05-11,55
K02000001,United Kingdom,overview,2023-05-10,42
K02000001,United Kingdom,overview,2023-05-09,36
K02000001,United Kingdom,overview,2023-05-08,39
K02000001,United Kingdom,overview,2023-05-07,54
K02000001,United Kingdom,overview,2023-05-06,47
K02000001,United Kingdom,overview,2023-05-05,46
K02000001,United Kingdom,overview,2023-05-04,54
K02000001,United Kingdom,overview,2023-05-03,50
K02000001,United Kingdom,overview,2023-05-02,60
K02000001,United Kingdom,overview,2023-05-01,51
K02000001,United Kingdom,overview,2023-04-30,42
K02000001,United Kingdom,overview,2023-04-29,53
K02000001,United Kingdom,overview,2023-04-28,54
K02000001,United Kingdom,overview,2023-04-27,52
K02000001,United Kingdom,overview,2023-04-26,62
K02000001,United Kingdom,overview,2023-04-25,61
K02000001,United Kingdom,overview,2023-04-24,49
K02000001,United Kingdom,overview,2023-04-23,73
K02000001,United Kingdom,overview,2023-04-22,55
K02000001,United Kingdom,overview,2023-04-21,86
K02000001,United Kingdom,overview,2023-04-20,73
K02000001,United Kingdom,overview,2023-04-19,81
K02000001,United Kingdom,overview,2023-04-18,67
K02000001,United Kingdom,overview,2023-04-17,65
K02000001,United Kingdom,overview,2023-04-16,79
K02000001,United Kingdom,overview,2023-04-15,70
K02000001,United Kingdom,overview,2023-04-14,80
K02000001,United Kingdom,overview,2023-04-13,91
K02000001,United Kingdom,overview,2023-04-12,76
K02000001,United Kingdom,overview,2023-04-11,75
K02000001,United Kingdom,overview,2023-04-10,74
K02000001,United Kingdom,overview,2023-04-09,71
K02000001,United Kingdom,overview,2023-04-08,84
K02000001,United Kingdom,overview,2023-04-07,94
K02000001,United Kingdom,overview,2023-04-06,105
K02000001,United Kingdom,overview,2023-04-05,67
K02000001,United Kingdom,overview,2023-04-04,99
K02000001,United Kingdom,overview,2023-04-03,87
K02000001,United Kingdom,overview,2023-04-02,78
K02000001,United Kingdom,overview,2023-04-01,76
K02000001,United Kingdom,overview,2023-03-31,75
K02000001,United Kingdom,overview,2023-03-30,108
K02000001,United Kingdom,overview,2023-03-29,96
K02000001,United Kingdom,overview,2023-03-28,113
K02000001,United Kingdom,overview,2023-03-27,98
K02000001,United Kingdom,overview,2023-03-26,87
K02000001,United Kingdom,overview,2023-03-25,115
K02000001,United Kingdom,overview,2023-03-24,114
K02000001,United Kingdom,overview,2023-03-23,109
K02000001,United Kingdom,overview,2023-03-22,103
K02000001,United Kingdom,overview,2023-03-21,128
K02000001,United Kingdom,overview,2023-03-20,98
K02000001,United Kingdom,overview,2023-03-19,92
K02000001,United Kingdom,overview,2023-03-18,99
K02000001,United Kingdom,overview,2023-03-17,111
K02000001,United Kingdom,overview,2023-03-16,106
K02000001,United Kingdom,overview,2023-03-15,106
K02000001,United Kingdom,overview,2023-03-14,94
K02000001,United Kingdom,overview,2023-03-13,96
K02000001,United Kingdom,overview,2023-03-12,103
K02000001,United Kingdom,overview,2023-03-11,100
K02000001,United Kingdom,overview,2023-03-10,93
K02000001,United Kingdom,overview,2023-03-09,94
K02000001,United Kingdom,overview,2023-03-08,97
K02000001,United Kingdom,overview,2023-03-07,93
K02000001,United Kingdom,overview,2023-03-06,92
K02000001,United Kingdom,overview,2023-03-05,97
K02000001,United Kingdom,overview,2023-03-04,100
K02000001,United Kingdom,overview,2023-03-03,82
K02000001,United Kingdom,overview,2023-03-02,103
K02000001,United Kingdom,overview,2023-03-01,83
K02000001,United Kingdom,overview,2023-02-28,74
K02000001,United Kingdom,overview,2023-02-27,79
K02000001,United Kingdom,overview,2023-02-26,85
K02000001,United Kingdom,overview,2023-02-25,78
K02000001,United Kingdom,overview,2023-02-24,82
K02000001,United Kingdom,overview,2023-02-23,75
K02000001,United Kingdom,overview,2023-02-22,84
K02000001,United Kingdom,overview,2023-02-21,62
K02000001,United Kingdom,overview,2023-02-20,80
K02000001,United Kingdom,overview,2023-02-19,60
K02000001,United Kingdom,overview,2023-02-18,78
K02000001,United Kingdom,overview,2023-02-17,84
K02000001,United Kingdom,overview,2023-02-16,76
K02000001,United Kingdom,overview,2023-02-15,71
K02000001,United Kingdom,overview,2023-02-14,79
K02000001,United Kingdom,overview,2023-02-13,54
K02000001,United Kingdom,overview,2023-02-12,71
K02000001,United Kingdom,overview,2023-02-11,61
K02000001,United Kingdom,overview,2023-02-10,76
K02000001,United Kingdom,overview,2023-02-09,64
K02000001,United Kingdom,overview,2023-02-08,72
K02000001,United Kingdom,overview,2023-02-07,69
K02000001,United Kingdom,overview,2023-02-06,57
K02000001,United Kingdom,overview,2023-02-05,73
K02000001,United Kingdom,overview,2023-02-04,66
K02000001,United Kingdom,overview,2023-02-03,71
K02000001,United Kingdom,overview,2023-02-02,76
K02000001,United Kingdom,overview,2023-02-01,72
K02000001,United Kingdom,overview,2023-01-31,63
K02000001,United Kingdom,overview,2023-01-30,61
K02000001,United Kingdom,overview,2023-01-29,77
K02000001,United Kingdom,overview,2023-01-28,73
K02000001,United Kingdom,overview,2023-01-27,79
K02000001,United Kingdom,overview,2023-01-26,72
K02000001,United Kingdom,overview,2023-01-25,67
K02000001,United Kingdom,overview,2023-01-24,83
K02000001,United Kingdom,overview,2023-01-23,77
K02000001,United Kingdom,overview,2023-01-22,77
K02000001,United Kingdom,overview,2023-01-21,75
K02000001,United Kingdom,overview,2023-01-20,83
K02000001,United Kingdom,overview,2023-01-19,84
K02000001,United Kingdom,overview,2023-01-18,93
K02000001,United Kingdom,overview,2023-01-17,93
K02000001,United Kingdom,overview,2023-01-16,111
K02000001,United Kingdom,overview,2023-01-15,114
K02000001,United Kingdom,overview,2023-01-14,104
K02000001,United Kingdom,overview,2023-01-13,106
K02000001,United Kingdom,overview,2023-01-12,119
K02000001,United Kingdom,overview,2023-01-11,97
K02000001,United Kingdom,overview,2023-01-10,117
K02000001,United Kingdom,overview,2023-01-09,133
K02000001,United Kingdom,overview,2023-01-08,125
K02000001,United Kingdom,overview,2023-01-07,121
K02000001,United Kingdom,overview,2023-01-06,116
K02000001,United Kingdom,overview,2023-01-05,146
K02000001,United Kingdom,overview,2023-01-04,142
K02000001,United Kingdom,overview,2023-01-03,139
K02000001,United Kingdom,overview,2023-01-02,130
K02000001,United Kingdom,overview,2023-01-01,132
K02000001,United Kingdom,overview,2022-12-31,152
K02000001,United Kingdom,overview,2022-12-30,158
K02000001,United Kingdom,overview,2022-12-29,133
K02000001,United Kingdom,overview,2022-12-28,134
K02000001,United Kingdom,overview,2022-12-27,143
K02000001,United Kingdom,overview,2022-12-26,129
K02000001,United Kingdom,overview,2022-12-25,132
K02000001,United Kingdom,overview,2022-12-24,146
K02000001,United Kingdom,overview,2022-12-23,119
K02000001,United Kingdom,overview,2022-12-22,114
K02000001,United Kingdom,overview,2022-12-21,110
K02000001,United Kingdom,overview,2022-12-20,113
K02000001,United Kingdom,overview,2022-12-19,115
K02000001,United Kingdom,overview,2022-12-18,100
K02000001,United Kingdom,overview,2022-12-17,92
K02000001,United Kingdom,overview,2022-12-16,88
K02000001,United Kingdom,overview,2022-12-15,59
K02000001,United Kingdom,overview,2022-12-14,97
K02000001,United Kingdom,overview,2022-12-13,67
K02000001,United Kingdom,overview,2022-12-12,70
K02000001,United Kingdom,overview,2022-12-11,71
K02000001,United Kingdom,overview,2022-12-10,70
K02000001,United Kingdom,overview,2022-12-09,72
K02000001,United Kingdom,overview,2022-12-08,71
K02000001,United Kingdom,overview,2022-12-07,65
K02000001,United Kingdom,overview,2022-12-06,75
K02000001,United Kingdom,overview,2022-12-05,64
K02000001,United Kingdom,overview,2022-12-04,48
K02000001,United Kingdom,overview,2022-12-03,57
K02000001,United Kingdom,overview,2022-12-02,52
K02000001,United Kingdom,overview,2022-12-01,55
K02000001,United Kingdom,overview,2022-11-30,47
K02000001,United Kingdom,overview,2022-11-29,54
K02000001,United Kingdom,overview,2022-11-28,61
K02000001,United Kingdom,overview,2022-11-27,56
K02000001,United Kingdom,overview,2022-11-26,49
K02000001,United Kingdom,overview,2022-11-25,43
K02000001,United Kingdom,overview,2022-11-24,52
K02000001,United Kingdom,overview,2022-11-23,60
K02000001,United Kingdom,overview,2022-11-22,59
K02000001,United Kingdom,overview,2022-11-21,53
K02000001,United Kingdom,overview,2022-11-20,62
K02000001,United Kingdom,overview,2022-11-19,59
K02000001,United Kingdom,overview,2022-11-18,58
K02000001,United Kingdom,overview,2022-11-17,56
K02000001,United Kingdom,overview,2022-11-16,54
K02000001,United Kingdom,overview,2022-11-15,67
K02000001,United Kingdom,overview,2022-11-14,62
K02000001,United Kingdom,overview,2022-11-13,56
K02000001,United Kingdom,overview,2022-11-12,46
K02000001,United Kingdom,overview,2022-11-11,73
K02000001,United Kingdom,overview,2022-11-10,56
K02000001,United Kingdom,overview,2022-11-09,64
K02000001,United Kingdom,overview,2022-11-08,65
K02000001,United Kingdom,overview,2022-11-07,77
K02000001,United Kingdom,overview,2022-11-06,58
K02000001,United Kingdom,overview,2022-11-05,79
K02000001,United Kingdom,overview,2022-11-04,98
K02000001,United Kingdom,overview,2022-11-03,84
K02000001,United Kingdom,overview,2022-11-02,80
K02000001,United Kingdom,overview,2022-11-01,85
K02000001,United Kingdom,overview,2022-10-31,83
K02000001,United Kingdom,overview,2022-10-30,98
K02000001,United Kingdom,overview,2022-10-29,98
K02000001,United Kingdom,overview,2022-10-28,88
K02000001,United Kingdom,overview,2022-10-27,107
K02000001,United Kingdom,overview,2022-10-26,92
K02000001,United Kingdom,overview,2022-10-25,117
K02000001,United Kingdom,overview,2022-10-24,107
K02000001,United Kingdom,overview,2022-10-23,103
K02000001,United Kingdom,overview,2022-10-22,112
K02000001,United Kingdom,overview,2022-10-21,112
K02000001,United Kingdom,overview,2022-10-20,123
K02000001,United Kingdom,overview,2022-10-19,102
K02000001,United Kingdom,overview,2022-10-18,109
K02000001,United Kingdom,overview,2022-10-17,117
K02000001,United Kingdom,overview,2022-10-16,108
K02000001,United Kingdom,overview,2022-10-15,109
K02000001,United Kingdom,overview,2022-10-14,116
K02000001,United Kingdom,overview,2022-10-13,112
K02000001,United Kingdom,overview,2022-10-12,127
K02000001,United Kingdom,overview,2022-10-11,110
K02000001,United Kingdom,overview,2022-10-10,94
K02000001,United Kingdom,overview,2022-10-09,101
K02000001,United Kingdom,overview,2022-10-08,92
K02000001,United Kingdom,overview,2022-10-07,101
K02000001,United Kingdom,overview,2022-10-06,97
K02000001,United Kingdom,overview,2022-10-05,99
K02000001,United Kingdom,overview,2022-10-04,92
K02000001,United Kingdom,overview,2022-10-03,83
K02000001,United Kingdom,overview,2022-10-02,64
K02000001,United Kingdom,overview,2022-10-01,81
K02000001,United Kingdom,overview,2022-09-30,65
K02000001,United Kingdom,overview,2022-09-29,67
K02000001,United Kingdom,overview,2022-09-28,62
K02000001,United Kingdom,overview,2022-09-27,70
K02000001,United Kingdom,overview,2022-09-26,66
K02000001,United Kingdom,overview,2022-09-25,41
K02000001,United Kingdom,overview,2022-09-24,49
K02000001,United Kingdom,overview,2022-09-23,54
K02000001,United Kingdom,overview,2022-09-22,50
K02000001,United Kingdom,overview,2022-09-21,37
K02000001,United Kingdom,overview,2022-09-20,50
K02000001,United Kingdom,overview,2022-09-19,49
K02000001,United Kingdom,overview,2022-09-18,40
K02000001,United Kingdom,overview,2022-09-17,40
K02000001,United Kingdom,overview,2022-09-16,39
K02000001,United Kingdom,overview,2022-09-15,49
K02000001,United Kingdom,overview,2022-09-14,45
K02000001,United Kingdom,overview,2022-09-13,50
K02000001,United Kingdom,overview,2022-09-12,43
K02000001,United Kingdom,overview,2022-09-11,31
K02000001,United Kingdom,overview,2022-09-10,48
K02000001,United Kingdom,overview,2022-09-09,38
K02000001,United Kingdom,overview,2022-09-08,47
K02000001,United Kingdom,overview,2022-09-07,61
K02000001,United Kingdom,overview,2022-09-06,40
K02000001,United Kingdom,overview,2022-09-05,39
K02000001,United Kingdom,overview,2022-09-04,46
K02000001,United Kingdom,overview,2022-09-03,54
K02000001,United Kingdom,overview,2022-09-02,48
K02000001,United Kingdom,overview,2022-09-01,44
K02000001,United Kingdom,overview,2022-08-31,75
K02000001,United Kingdom,overview,2022-08-30,44
K02000001,United Kingdom,overview,2022-08-29,54
K02000001,United Kingdom,overview,2022-08-28,61
K02000001,United Kingdom,overview,2022-08-27,58
K02000001,United Kingdom,overview,2022-08-26,44
K02000001,United Kingdom,overview,2022-08-25,50
K02000001,United Kingdom,overview,2022-08-24,53
K02000001,United Kingdom,overview,2022-08-23,78
K02000001,United Kingdom,overview,2022-08-22,65
K02000001,United Kingdom,overview,2022-08-21,61
K02000001,United Kingdom,overview,2022-08-20,76
K02000001,United Kingdom,overview,2022-08-19,69
K02000001,United Kingdom,overview,2022-08-18,63
K02000001,United Kingdom,overview,2022-08-17,56
K02000001,United Kingdom,overview,2022-08-16,71
K02000001,United Kingdom,overview,2022-08-15,89
K02000001,United Kingdom,overview,2022-08-14,90
K02000001,United Kingdom,overview,2022-08-13,92
K02000001,United Kingdom,overview,2022-08-12,108
K02000001,United Kingdom,overview,2022-08-11,99
K02000001,United Kingdom,overview,2022-08-10,77
K02000001,United Kingdom,overview,2022-08-09,90
K02000001,United Kingdom,overview,2022-08-08,100
K02000001,United Kingdom,overview,2022-08-07,100
K02000001,United Kingdom,overview,2022-08-06,66
K02000001,United Kingdom,overview,2022-08-05,87
K02000001,United Kingdom,overview,2022-08-04,85
K02000001,United Kingdom,overview,2022-08-03,108
K02000001,United Kingdom,overview,2022-08-02,102
K02000001,United Kingdom,overview,2022-08-01,93
K02000001,United Kingdom,overview,2022-07-31,98
K02000001,United Kingdom,overview,2022-07-30,79
K02000001,United Kingdom,overview,2022-07-29,118
K02000001,United Kingdom,overview,2022-07-28,126
K02000001,United Kingdom,overview,2022-07-27,115
K02000001,United Kingdom,overview,2022-07-26,121
K02000001,United Kingdom,overview,2022-07-25,114
K02000001,United Kingdom,overview,2022-07-24,133
K02000001,United Kingdom,overview,2022-07-23,128
K02000001,United Kingdom,overview,2022-07-22,117
K02000001,United Kingdom,overview,2022-07-21,127
K02000001,United Kingdom,overview,2022-07-20,191
K02000001,United Kingdom,overview,2022-07-19,225
K02000001,United Kingdom,overview,2022-07-18,127
K02000001,United Kingdom,overview,2022-07-17,159
K02000001,United Kingdom,overview,2022-07-16,122
K02000001,United Kingdom,overview,2022-07-15,105
K02000001,United Kingdom,overview,2022-07-14,127
K02000001,United Kingdom,overview,2022-07-13,136
K02000001,United Kingdom,overview,2022-07-12,154
K02000001,United Kingdom,overview,2022-07-11,128
K02000001,United Kingdom,overview,2022-07-10,117
K02000001,United Kingdom,overview,2022-07-09,110
K02000001,United Kingdom,overview,2022-07-08,109
K02000001,United Kingdom,overview,2022-07-07,102
K02000001,United Kingdom,overview,2022-07-06,116
K02000001,United Kingdom,overview,2022-07-05,102
K02000001,United Kingdom,overview,2022-07-04,91
K02000001,United Kingdom,overview,2022-07-03,69
K02000001,United Kingdom,overview,2022-07-02,91
K02000001,United Kingdom,overview,2022-07-01,79
K02000001,United Kingdom,overview,2022-06-30,76
K02000001,United Kingdom,overview,2022-06-29,84
K02000001,United Kingdom,overview,2022-06-28,72
K02000001,United Kingdom,overview,2022-06-27,64
K02000001,United Kingdom,overview,2022-06-26,69
K02000001,United Kingdom,overview,2022-06-25,73
K02000001,United Kingdom,overview,2022-06-24,48
K02000001,United Kingdom,overview,2022-06-23,62
K02000001,United Kingdom,overview,2022-06-22,73
K02000001,United Kingdom,overview,2022-06-21,58
K02000001,United Kingdom,overview,2022-06-20,48
K02000001,United Kingdom,overview,2022-06-19,47
K02000001,United Kingdom,overview,2022-06-18,44
K02000001,United Kingdom,overview,2022-06-17,45
K02000001,United Kingdom,overview,2022-06-16,57
K02000001,United Kingdom,overview,2022-06-15,45
K02000001,United Kingdom,overview,2022-06-14,36
K02000001,United Kingdom,overview,2022-06-13,41
K02000001,United Kingdom,overview,2022-06-12,43
K02000001,United Kingdom,overview,2022-06-11,33
K02000001,United Kingdom,overview,2022-06-10,45
K02000001,United Kingdom,overview,2022-06-09,27
K02000001,United Kingdom,overview,2022-06-08,43
K02000001,United Kingdom,overview,2022-06-07,33
K02000001,United Kingdom,overview,2022-06-06,43
K02000001,United Kingdom,overview,2022-06-05,30
K02000001,United Kingdom,overview,2022-06-04,39
K02000001,United Kingdom,overview,2022-06-03,28
K02000001,United Kingdom,overview,2022-06-02,48
K02000001,United Kingdom,overview,2022-06-01,26
K02000001,United Kingdom,overview,2022-05-31,51
K02000001,United Kingdom,overview,2022-05-30,51
K02000001,United Kingdom,overview,2022-05-29,30
K02000001,United Kingdom,overview,2022-05-28,34
K02000001,United Kingdom,overview,2022-05-27,45
K02000001,United Kingdom,overview,2022-05-26,45
K02000001,United Kingdom,overview,2022-05-25,34
K02000001,United Kingdom,overview,2022-05-24,51
K02000001,United Kingdom,overview,2022-05-23,63
K02000001,United Kingdom,overview,2022-05-22,59
K02000001,United Kingdom,overview,2022-05-21,49
K02000001,United Kingdom,overview,2022-05-20,72
K02000001,United Kingdom,overview,2022-05-19,46
K02000001,United Kingdom,overview,2022-05-18,46
K02000001,United Kingdom,overview,2022-05-17,72
K02000001,United Kingdom,overview,2022-05-16,66
K02000001,United Kingdom,overview,2022-05-15,73
K02000001,United Kingdom,overview,2022-05-14,66
K02000001,United Kingdom,overview,2022-05-13,72
K02000001,United Kingdom,overview,2022-05-12,70
K02000001,United Kingdom,overview,2022-05-11,80
K02000001,United Kingdom,overview,2022-05-10,101
K02000001,United Kingdom,overview,2022-05-09,83
K02000001,United Kingdom,overview,2022-05-08,85
K02000001,United Kingdom,overview,2022-05-07,103
K02000001,United Kingdom,overview,2022-05-06,98
K02000001,United Kingdom,overview,2022-05-05,87
K02000001,United Kingdom,overview,2022-05-04,90
K02000001,United Kingdom,overview,2022-05-03,107
K02000001,United Kingdom,overview,2022-05-02,110
K02000001,United Kingdom,overview,2022-05-01,114
K02000001,United Kingdom,overview,2022-04-30,107
K02000001,United Kingdom,overview,2022-04-29,108
K02000001,United Kingdom,overview,2022-04-28,130
K02000001,United Kingdom,overview,2022-04-27,135
K02000001,United Kingdom,overview,2022-04-26,126
K02000001,United Kingdom,overview,2022-04-25,129
K02000001,United Kingdom,overview,2022-04-24,131
K02000001,United Kingdom,overview,2022-04-23,146
K02000001,United Kingdom,overview,2022-04-22,156
K02000001,United Kingdom,overview,2022-04-21,163
K02000001,United Kingdom,overview,2022-04-20,162
K02000001,United Kingdom,overview,2022-04-19,159
K02000001,United Kingdom,overview,2022-04-18,174
K02000001,United Kingdom,overview,2022-04-17,163
K02000001,United Kingdom,overview,2022-04-16,165
K02000001,United Kingdom,overview,2022-04-15,172
K02000001,United Kingdom,overview,2022-04-14,192
K02000001,United Kingdom,overview,2022-04-13,222
K02000001,United Kingdom,overview,2022-04-12,200
K02000001,United Kingdom,overview,2022-04-11,185
K02000001,United Kingdom,overview,2022-04-10,197
K02000001,United Kingdom,overview,2022-04-09,173
K02000001,United Kingdom,overview,2022-04-08,238
K02000001,United Kingdom,overview,2022-04-07,231
K02000001,United Kingdom,overview,2022-04-06,196
K02000001,United Kingdom,overview,2022-04-05,202
K02000001,United Kingdom,overview,2022-04-04,179
K02000001,United Kingdom,overview,2022-04-03,189
K02000001,United Kingdom,overview,2022-04-02,192
K02000001,United Kingdom,overview,2022-04-01,205
K02000001,United Kingdom,overview,2022-03-31,192
K02000001,United Kingdom,overview,2022-03-30,182
K02000001,United Kingdom,overview,2022-03-29,196
K02000001,United Kingdom,overview,2022-03-28,178
K02000001,United Kingdom,overview,2022-03-27,160
K02000001,United Kingdom,overview,2022-03-26,164
K02000001,United Kingdom,overview,2022-03-25,182
K02000001,United Kingdom,overview,2022-03-24,166
K02000001,United Kingdom,overview,2022-03-23,158
K02000001,United Kingdom,overview,2022-03-22,167
K02000001,United Kingdom,overview,2022-03-21,163
K02000001,United Kingdom,overview,2022-03-20,175
K02000001,United Kingdom,overview,2022-03-19,166
K02000001,United Kingdom,overview,2022-03-18,171
K02000001,United Kingdom,overview,2022-03-17,137
K02000001,United Kingdom,overview,2022-03-16,146
K02000001,United Kingdom,overview,2022-03-15,122
K02000001,United Kingdom,overview,2022-03-14,141
K02000001,United Kingdom,overview,2022-03-13,112
K02000001,United Kingdom,overview,2022-03-12,123
K02000001,United Kingdom,overview,2022-03-11,121
K02000001,United Kingdom,overview,2022-03-10,115
K02000001,United Kingdom,overview,2022-03-09,107
K02000001,United Kingdom,overview,2022-03-08,119
K02000001,United Kingdom,overview,2022-03-07,124
K02000001,United Kingdom,overview,2022-03-06,95
K02000001,United Kingdom,overview,2022-03-05,101
K02000001,United Kingdom,overview,2022-03-04,112
K02000001,United Kingdom,overview,2022-03-03,107
K02000001,United Kingdom,overview,2022-03-02,146
K02000001,United Kingdom,overview,2022-03-01,106
K02000001,United Kingdom,overview,2022-02-28,105
K02000001,United Kingdom,overview,2022-02-27,119
K02000001,United Kingdom,overview,2022-02-26,103
K02000001,United Kingdom,overview,2022-02-25,121
K02000001,United Kingdom,overview,2022-02-24,127
K02000001,United Kingdom,overview,2022-02-23,119
K02000001,United Kingdom,overview,2022-02-22,120
K02000001,United Kingdom,overview,2022-02-21,110
K02000001,United Kingdom,overview,2022-02-20,127
K02000001,United Kingdom,overview,2022-02-19,122
K02000001,United Kingdom,overview,2022-02-18,128
K02000001,United Kingdom,overview,2022-02-17,125
K02000001,United Kingdom,overview,2022-02-16,133
K02000001,United Kingdom,overview,2022-02-15,133
K02000001,United Kingdom,overview,2022-02-14,158
K02000001,United Kingdom,overview,2022-02-13,127
K02000001,United Kingdom,overview,2022-02-12,144
K02000001,United Kingdom,overview,2022-02-11,142
K02000001,United Kingdom,overview,2022-02-10,124
K02000001,United Kingdom,overview,2022-02-09,144
K02000001,United Kingdom,overview,2022-02-08,159
K02000001,United Kingdom,overview,2022-02-07,140
K02000001,United Kingdom,overview,2022-02-06,158
K02000001,United Kingdom,overview,2022-02-05,173
K02000001,United Kingdom,overview,2022-02-04,160
K02000001,United Kingdom,overview,2022-02-03,191
K02000001,United Kingdom,overview,2022-02-02,188
K02000001,United Kingdom,overview,2022-02-01,207
K02000001,United Kingdom,overview,2022-01-31,208
K02000001,United Kingdom,overview,2022-01-30,191
K02000001,United Kingdom,overview,2022-01-29,181
K02000001,United Kingdom,overview,2022-01-28,202
K02000001,United Kingdom,overview,2022-01-27,220
K02000001,United Kingdom,overview,2022-01-26,196
K02000001,United Kingdom,overview,2022-01-25,194
K02000001,United Kingdom,overview,2022-01-24,229
K02000001,United Kingdom,overview,2022-01-23,218
K02000001,United Kingdom,overview,2022-01-22,224
K02000001,United Kingdom,overview,2022-01-21,248
K02000001,United Kingdom,overview,2022-01-20,202
K02000001,United Kingdom,overview,2022-01-19,221
K02000001,United Kingdom,overview,2022-01-18,234
K02000001,United Kingdom,overview,2022-01-17,232
K02000001,United Kingdom,overview,2022-01-16,257
K02000001,United Kingdom,overview,2022-01-15,260
K02000001,United Kingdom,overview,2022-01-14,236
K02000001,United Kingdom,overview,2022-01-13,243
K02000001,United Kingdom,overview,2022-01-12,239
K02000001,United Kingdom,overview,2022-01-11,234
K02000001,United Kingdom,overview,2022-01-10,244
K02000001,United Kingdom,overview,2022-01-09,242
K02000001,United Kingdom,overview,2022-01-08,216
K02000001,United Kingdom,overview,2022-01-07,229
K02000001,United Kingdom,overview,2022-01-06,223
K02000001,United Kingdom,overview,2022-01-05,182
K02000001,United Kingdom,overview,2022-01-04,204
K02000001,United Kingdom,overview,2022-01-03,179
K02000001,United Kingdom,overview,2022-01-02,170
K02000001,United Kingdom,overview,2022-01-01,176
K02000001,United Kingdom,overview,2021-12-31,155
K02000001,United Kingdom,overview,2021-12-30,177
K02000001,United Kingdom,overview,2021-12-29,132
K02000001,United Kingdom,overview,2021-12-28,162
K02000001,United Kingdom,overview,2021-12-27,133
K02000001,United Kingdom,overview,2021-12-26,116
K02000001,United Kingdom,overview,2021-12-25,112
K02000001,United Kingdom,overview,2021-12-24,117
K02000001,United Kingdom,overview,2021-12-23,136
K02000001,United Kingdom,overview,2021-12-22,136
K02000001,United Kingdom,overview,2021-12-21,112
K02000001,United Kingdom,overview,2021-12-20,136
K02000001,United Kingdom,overview,2021-12-19,117
K02000001,United Kingdom,overview,2021-12-18,107
K02000001,United Kingdom,overview,2021-12-17,131
K02000001,United Kingdom,overview,2021-12-16,118
K02000001,United Kingdom,overview,2021-12-15,120
K02000001,United Kingdom,overview,2021-12-14,152
K02000001,United Kingdom,overview,2021-12-13,113
K02000001,United Kingdom,overview,2021-12-12,137
K02000001,United Kingdom,overview,2021-12-11,109
K02000001,United Kingdom,overview,2021-12-10,122
K02000001,United Kingdom,overview,2021-12-09,132
K02000001,United Kingdom,overview,2021-12-08,133
K02000001,United Kingdom,overview,2021-12-07,132
K02000001,United Kingdom,overview,2021-12-06,143
K02000001,United Kingdom,overview,2021-12-05,117
K02000001,United Kingdom,overview,2021-12-04,163
K02000001,United Kingdom,overview,2021-12-03,147
K02000001,United Kingdom,overview,2021-12-02,123
K02000001,United Kingdom,overview,2021-12-01,138
K02000001,United Kingdom,overview,2021-11-30,122
K02000001,United Kingdom,overview,2021-11-29,144
K02000001,United Kingdom,overview,2021-11-28,144
K02000001,United Kingdom,overview,2021-11-27,124
K02000001,United Kingdom,overview,2021-11-26,132
K02000001,United Kingdom,overview,2021-11-25,141
K02000001,United Kingdom,overview,2021-11-24,124
K02000001,United Kingdom,overview,2021-11-23,150
K02000001,United Kingdom,overview,2021-11-22,131
K02000001,United Kingdom,overview,2021-11-21,121
K02000001,United Kingdom,overview,2021-11-20,143
K02000001,United Kingdom,overview,2021-11-19,142
K02000001,United Kingdom,overview,2021-11-18,131
K02000001,United Kingdom,overview,2021-11-17,127
K02000001,United Kingdom,overview,2021-11-16,166
K02000001,United Kingdom,overview,2021-11-15,171
K02000001,United Kingdom,overview,2021-11-14,134
K02000001,United Kingdom,overview,2021-11-13,152
K02000001,United Kingdom,overview,2021-11-12,146
K02000001,United Kingdom,overview,2021-11-11,158
K02000001,United Kingdom,overview,2021-11-10,170
K02000001,United Kingdom,overview,2021-11-09,157
K02000001,United Kingdom,overview,2021-11-08,161
K02000001,United Kingdom,overview,2021-11-07,161
K02000001,United Kingdom,overview,2021-11-06,171
K02000001,United Kingdom,overview,2021-11-05,166
K02000001,United Kingdom,overview,2021-11-04,169
K02000001,United Kingdom,overview,2021-11-03,184
K02000001,United Kingdom,overview,2021-11-02,165
K02000001,United Kingdom,overview,2021-11-01,192
K02000001,United Kingdom,overview,2021-10-31,196
K02000001,United Kingdom,overview,2021-10-30,165
K02000001,United Kingdom,overview,2021-10-29,185
K02000001,United Kingdom,overview,2021-10-28,199
K02000001,United Kingdom,overview,2021-10-27,177
K02000001,United Kingdom,overview,2021-10-26,179
K02000001,United Kingdom,overview,2021-10-25,149
K02000001,United Kingdom,overview,2021-10-24,167
K02000001,United Kingdom,overview,2021-10-23,172
K02000001,United Kingdom,overview,2021-10-22,151
K02000001,United Kingdom,overview,2021-10-21,165
K02000001,United Kingdom,overview,2021-10-20,154
K02000001,United Kingdom,overview,2021-10-19,143
K02000001,United Kingdom,overview,2021-10-18,139
K02000001,United Kingdom,overview,2021-10-17,141
K02000001,United Kingdom,overview,2021-10-16,152
K02000001,United Kingdom,overview,2021-10-15,140
K02000001,United Kingdom,overview,2021-10-14,161
K02000001,United Kingdom,overview,2021-10-13,137
K02000001,United Kingdom,overview,2021-10-12,136
K02000001,United Kingdom,overview,2021-10-11,138
K02000001,United Kingdom,overview,2021-10-10,115
K02000001,United Kingdom,overview,2021-10-09,121
K02000001,United Kingdom,overview,2021-10-08,122
K02000001,United Kingdom,overview,2021-10-07,133
K02000001,United Kingdom,overview,2021-10-06,114
K02000001,United Kingdom,overview,2021-10-05,135
K02000001,United Kingdom,overview,2021-10-04,113
K02000001,United Kingdom,overview,2021-10-03,107
K02000001,United Kingdom,overview,2021-10-02,118
K02000001,United Kingdom,overview,2021-10-01,139
K02000001,United Kingdom,overview,2021-09-30,129
K02000001,United Kingdom,overview,2021-09-29,142
K02000001,United Kingdom,overview,2021-09-28,121
K02000001,United Kingdom,overview,2021-09-27,127
K02000001,United Kingdom,overview,2021-09-26,111
K02000001,United Kingdom,overview,2021-09-25,128
K02000001,United Kingdom,overview,2021-09-24,141
K02000001,United Kingdom,overview,2021-09-23,149
K02000001,United Kingdom,overview,2021-09-22,159
K02000001,United Kingdom,overview,2021-09-21,139
K02000001,United Kingdom,overview,2021-09-20,159
K02000001,United Kingdom,overview,2021-09-19,137
K02000001,United Kingdom,overview,2021-09-18,137
K02000001,United Kingdom,overview,2021-09-17,184
K02000001,United Kingdom,overview,2021-09-16,162
K02000001,United Kingdom,overview,2021-09-15,169
K02000001,United Kingdom,overview,2021-09-14,170
K02000001,United Kingdom,overview,2021-09-13,119
K02000001,United Kingdom,overview,2021-09-12,141
K02000001,United Kingdom,overview,2021-09-11,145
K02000001,United Kingdom,overview,2021-09-10,150
K02000001,United Kingdom,overview,2021-09-09,180
K02000001,United Kingdom,overview,2021-09-08,143
K02000001,United Kingdom,overview,2021-09-07,166
K02000001,United Kingdom,overview,2021-09-06,157
K02000001,United Kingdom,overview,2021-09-05,164
K02000001,United Kingdom,overview,2021-09-04,146
K02000001,United Kingdom,overview,2021-09-03,152
K02000001,United Kingdom,overview,2021-09-02,137
K02000001,United Kingdom,overview,2021-09-01,125
K02000001,United Kingdom,overview,2021-08-31,128
K02000001,United Kingdom,overview,2021-08-30,109
K02000001,United Kingdom,overview,2021-08-29,139
K02000001,United Kingdom,overview,2021-08-28,134
K02000001,United Kingdom,overview,2021-08-27,139
K02000001,United Kingdom,overview,2021-08-26,125
K02000001,United Kingdom,overview,2021-08-25,108
K02000001,United Kingdom,overview,2021-08-24,118
K02000001,United Kingdom,overview,2021-08-23,120
K02000001,United Kingdom,overview,2021-08-22,129
K02000001,United Kingdom,overview,2021-08-21,118
K02000001,United Kingdom,overview,2021-08-20,127
K02000001,United Kingdom,overview,2021-08-19,115
K02000001,United Kingdom,overview,2021-08-18,111
K02000001,United Kingdom,overview,2021-08-17,102
K02000001,United Kingdom,overview,2021-08-16,89
K02000001,United Kingdom,overview,2021-08-15,91
K02000001,United Kingdom,overview,2021-08-14,104
K02000001,United Kingdom,overview,2021-08-13,98
K02000001,United Kingdom,overview,2021-08-12,106
K02000001,United Kingdom,overview,2021-08-11,89
K02000001,United Kingdom,overview,2021-08-10,85
K02000001,United Kingdom,overview,2021-08-09,84
K02000001,United Kingdom,overview,2021-08-08,84
K02000001,United Kingdom,overview,2021-08-07,106
K02000001,United Kingdom,overview,2021-08-06,98
K02000001,United Kingdom,overview,2021-08-05,101
K02000001,United Kingdom,overview,2021-08-04,92
K02000001,United Kingdom,overview,2021-08-03,80
K02000001,United Kingdom,overview,2021-08-02,92
K02000001,United Kingdom,overview,2021-08-01,97
K02000001,United Kingdom,overview,2021-07-31,92
K02000001,United Kingdom,overview,2021-07-30,105
K02000001,United Kingdom,overview,2021-07-29,88
K02000001,United Kingdom,overview,2021-07-28,84
K02000001,United Kingdom,overview,2021-07-27,77
K02000001,United Kingdom,overview,2021-07-26,79
K02000001,United Kingdom,overview,2021-07-25,73
K02000001,United Kingdom,overview,2021-07-24,69
K02000001,United Kingdom,overview,2021-07-23,83
K02000001,United Kingdom,overview,2021-07-22,86
K02000001,United Kingdom,overview,2021-07-21,61
K02000001,United Kingdom,overview,2021-07-20,68
K02000001,United Kingdom,overview,2021-07-19,88
K02000001,United Kingdom,overview,2021-07-18,73
K02000001,United Kingdom,overview,2021-07-17,60
K02000001,United Kingdom,overview,2021-07-16,55
K02000001,United Kingdom,overview,2021-07-15,54
K02000001,United Kingdom,overview,2021-07-14,47
K02000001,United Kingdom,overview,2021-07-13,50
K02000001,United Kingdom,overview,2021-07-12,43
K02000001,United Kingdom,overview,2021-07-11,36
K02000001,United Kingdom,overview,2021-07-10,45
K02000001,United Kingdom,overview,2021-07-09,53
K02000001,United Kingdom,overview,2021-07-08,42
K02000001,United Kingdom,overview,2021-07-07,36
K02000001,United Kingdom,overview,2021-07-06,35
K02000001,United Kingdom,overview,2021-07-05,29
K02000001,United Kingdom,overview,2021-07-04,30
K02000001,United Kingdom,overview,2021-07-03,31
K02000001,United Kingdom,overview,2021-07-02,32
K02000001,United Kingdom,overview,2021-07-01,28
K02000001,United Kingdom,overview,2021-06-30,26
K02000001,United Kingdom,overview,2021-06-29,24
K02000001,United Kingdom,overview,2021-06-28,18
K02000001,United Kingdom,overview,2021-06-27,24
K02000001,United Kingdom,overview,2021-06-26,17
K02000001,United Kingdom,overview,2021-06-25,22
K02000001,United Kingdom,overview,2021-06-24,29
K02000001,United Kingdom,overview,2021-06-23,9
K02000001,United Kingdom,overview,2021-06-22,18
K02000001,United Kingdom,overview,2021-06-21,13
K02000001,United Kingdom,overview,2021-06-20,22
K02000001,United Kingdom,overview,2021-06-19,20
K02000001,United Kingdom,overview,2021-06-18,18
K02000001,United Kingdom,overview,2021-06-17,9
K02000001,United Kingdom,overview,2021-06-16,16
K02000001,United Kingdom,overview,2021-06-15,21
K02000001,United Kingdom,overview,2021-06-14,13
K02000001,United Kingdom,overview,2021-06-13,12
K02000001,United Kingdom,overview,2021-06-12,12
K02000001,United Kingdom,overview,2021-06-11,13
K02000001,United Kingdom,overview,2021-06-10,16
K02000001,United Kingdom,overview,2021-06-09,17
K02000001,United Kingdom,overview,2021-06-08,15
K02000001,United Kingdom,overview,2021-06-07,6
K02000001,United Kingdom,overview,2021-06-06,13
K02000001,United Kingdom,overview,2021-06-05,7
K02000001,United Kingdom,overview,2021-06-04,14
K02000001,United Kingdom,overview,2021-06-03,16
K02000001,United Kingdom,overview,2021-06-02,12
K02000001,United Kingdom,overview,2021-06-01,10
K02000001,United Kingdom,overview,2021-05-31,11
K02000001,United Kingdom,overview,2021-05-30,9
K02000001,United Kingdom,overview,2021-05-29,12
K02000001,United Kingdom,overview,2021-05-28,14
K02000001,United Kingdom,overview,2021-05-27,8
K02000001,United Kingdom,overview,2021-05-26,14
K02000001,United Kingdom,overview,2021-05-25,11
K02000001,United Kingdom,overview,2021-05-24,16
K02000001,United Kingdom,overview,2021-05-23,16
K02000001,United Kingdom,overview,2021-05-22,4
K02000001,United Kingdom,overview,2021-05-21,18
K02000001,United Kingdom,overview,2021-05-20,7
K02000001,United Kingdom,overview,2021-05-19,4
K02000001,United Kingdom,overview,2021-05-18,11
K02000001,United Kingdom,overview,2021-05-17,13
K02000001,United Kingdom,overview,2021-05-16,14
K02000001,United Kingdom,overview,2021-05-15,15
K02000001,United Kingdom,overview,2021-05-14,14
K02000001,United Kingdom,overview,2021-05-13,15
K02000001,United Kingdom,overview,2021-05-12,15
K02000001,United Kingdom,overview,2021-05-11,21
K02000001,United Kingdom,overview,2021-05-10,8
K02000001,United Kingdom,overview,2021-05-09,11
K02000001,United Kingdom,overview,2021-05-08,20
K02000001,United Kingdom,overview,2021-05-07,18
K02000001,United Kingdom,overview,2021-05-06,17
K02000001,United Kingdom,overview,2021-05-05,22
K02000001,United Kingdom,overview,2021-05-04,15
K02000001,United Kingdom,overview,2021-05-03,17
K02000001,United Kingdom,overview,2021-05-02,19
K02000001,United Kingdom,overview,2021-05-01,16
K02000001,United Kingdom,overview,2021-04-30,16
K02000001,United Kingdom,overview,2021-04-29,17
K02000001,United Kingdom,overview,2021-04-28,21
K02000001,United Kingdom,overview,2021-04-27,25
K02000001,United Kingdom,overview,2021-04-26,21
K02000001,United Kingdom,overview,2021-04-25,27
K02000001,United Kingdom,overview,2021-04-24,24
K02000001,United Kingdom,overview,2021-04-23,29
K02000001,United Kingdom,overview,2021-04-22,33
K02000001,United Kingdom,overview,2021-04-21,36
K02000001,United Kingdom,overview,2021-04-20,35
K02000001,United Kingdom,overview,2021-04-19,23
K02000001,United Kingdom,overview,2021-04-18,31
K02000001,United Kingdom,overview,2021-04-17,43
K02000001,United Kingdom,overview,2021-04-16,32
K02000001,United Kingdom,overview,2021-04-15,43
K02000001,United Kingdom,overview,2021-04-14,35
K02000001,United Kingdom,overview,2021-04-13,47
K02000001,United Kingdom,overview,2021-04-12,38
K02000001,United Kingdom,overview,2021-04-11,41
K02000001,United Kingdom,overview,2021-04-10,43
K02000001,United Kingdom,overview,2021-04-09,38
K02000001,United Kingdom,overview,2021-04-08,62
K02000001,United Kingdom,overview,2021-04-07,46
K02000001,United Kingdom,overview,2021-04-06,45
K02000001,United Kingdom,overview,2021-04-05,45
K02000001,United Kingdom,overview,2021-04-04,53
K02000001,United Kingdom,overview,2021-04-03,42
K02000001,United Kingdom,overview,2021-04-02,50
K02000001,United Kingdom,overview,2021-04-01,63
K02000001,United Kingdom,overview,2021-03-31,74
K02000001,United Kingdom,overview,2021-03-30,56
K02000001,United Kingdom,overview,2021-03-29,71
K02000001,United Kingdom,overview,2021-03-28,50
K02000001,United Kingdom,overview,2021-03-27,65
K02000001,United Kingdom,overview,2021-03-26,75
K02000001,United Kingdom,overview,2021-03-25,79
K02000001,United Kingdom,overview,2021-03-24,70
K02000001,United Kingdom,overview,2021-03-23,95
K02000001,United Kingdom,overview,2021-03-22,108
K02000001,United Kingdom,overview,2021-03-21,127
K02000001,United Kingdom,overview,2021-03-20,101
K02000001,United Kingdom,overview,2021-03-19,104
K02000001,United Kingdom,overview,2021-03-18,100
K02000001,United Kingdom,overview,2021-03-17,127
K02000001,United Kingdom,overview,2021-03-16,114
K02000001,United Kingdom,overview,2021-03-15,139
K02000001,United Kingdom,overview,2021-03-14,138
K02000001,United Kingdom,overview,2021-03-13,135
K02000001,United Kingdom,overview,2021-03-12,135
K02000001,United Kingdom,overview,2021-03-11,173
K02000001,United Kingdom,overview,2021-03-10,163
K02000001,United Kingdom,overview,2021-03-09,185
K02000001,United Kingdom,overview,2021-03-08,197
K02000001,United Kingdom,overview,2021-03-07,197
K02000001,United Kingdom,overview,2021-03-06,210
K02000001,United Kingdom,overview,2021-03-05,222
K02000001,United Kingdom,overview,2021-03-04,234
K02000001,United Kingdom,overview,2021-03-03,218
K02000001,United Kingdom,overview,2021-03-02,244
K02000001,United Kingdom,overview,2021-03-01,297
K02000001,United Kingdom,overview,2021-02-28,281
K02000001,United Kingdom,overview,2021-02-27,308
K02000001,United Kingdom,overview,2021-02-26,304
K02000001,United Kingdom,overview,2021-02-25,355
K02000001,United Kingdom,overview,2021-02-24,367
K02000001,United Kingdom,overview,2021-02-23,381
K02000001,United Kingdom,overview,2021-02-22,379
K02000001,United Kingdom,overview,2021-02-21,411
K02000001,United Kingdom,overview,2021-02-20,452
K02000001,United Kingdom,overview,2021-02-19,469
K02000001,United Kingdom,overview,2021-02-18,521
K02000001,United Kingdom,overview,2021-02-17,506
K02000001,United Kingdom,overview,2021-02-16,568
K02000001,United Kingdom,overview,2021-02-15,615
K02000001,United Kingdom,overview,2021-02-14,605
K02000001,United Kingdom,overview,2021-02-13,586
K02000001,United Kingdom,overview,2021-02-12,636
K02000001,United Kingdom,overview,2021-02-11,676
K02000001,United Kingdom,overview,2021-02-10,712
K02000001,United Kingdom,overview,2021-02-09,723
K02000001,United Kingdom,overview,2021-02-08,781
K02000001,United Kingdom,overview,2021-02-07,753
K02000001,United Kingdom,overview,2021-02-06,787
K02000001,United Kingdom,overview,2021-02-05,874
K02000001,United Kingdom,overview,2021-02-04,826
K02000001,United Kingdom,overview,2021-02-03,976
K02000001,United Kingdom,overview,2021-02-02,963
K02000001,United Kingdom,overview,2021-02-01,1007
K02000001,United Kingdom,overview,2021-01-31,995
K02000001,United Kingdom,overview,2021-01-30,1026
K02000001,United Kingdom,overview,2021-01-29,1160
K02000001,United Kingdom,overview,2021-01-28,1224
K02000001,United Kingdom,overview,2021-01-27,1232
K02000001,United Kingdom,overview,2021-01-26,1173
K02000001,United Kingdom,overview,2021-01-25,1263
K02000001,United Kingdom,overview,2021-01-24,1239
K02000001,United Kingdom,overview,2021-01-23,1288
K02000001,United Kingdom,overview,2021-01-22,1335
K02000001,United Kingdom,overview,2021-01-21,1350
K02000001,United Kingdom,overview,2021-01-20,1383
K02000001,United Kingdom,overview,2021-01-19,1490
K02000001,United Kingdom,overview,2021-01-18,1401
K02000001,United Kingdom,overview,2021-01-17,1361
K02000001,United Kingdom,overview,2021-01-16,1419
K02000001,United Kingdom,overview,2021-01-15,1324
K02000001,United Kingdom,overview,2021-01-14,1341
K02000001,United Kingdom,overview,2021-01-13,1309
K02000001,United Kingdom,overview,2021-01-12,1320
K02000001,United Kingdom,overview,2021-01-11,1244
K02000001,United Kingdom,overview,2021-01-10,1173
K02000001,United Kingdom,overview,2021-01-09,1094
K02000001,United Kingdom,overview,2021-01-08,1052
K02000001,United Kingdom,overview,2021-01-07,1056
K02000001,United Kingdom,overview,2021-01-06,1014
K02000001,United Kingdom,overview,2021-01-05,973
K02000001,United Kingdom,overview,2021-01-04,896
K02000001,United Kingdom,overview,2021-01-03,807
K02000001,United Kingdom,overview,2021-01-02,833
K02000001,United Kingdom,overview,2021-01-01,809
K02000001,United Kingdom,overview,2020-12-31,824
K02000001,United Kingdom,overview,2020-12-30,760
K02000001,United Kingdom,overview,2020-12-29,713
K02000001,United Kingdom,overview,2020-12-28,723
K02000001,United Kingdom,overview,2020-12-27,718
K02000001,United Kingdom,overview,2020-12-26,692
K02000001,United Kingdom,overview,2020-12-25,655
K02000001,United Kingdom,overview,2020-12-24,616
K02000001,United Kingdom,overview,2020-12-23,629
K02000001,United Kingdom,overview,2020-12-22,629
K02000001,United Kingdom,overview,2020-12-21,602
K02000001,United Kingdom,overview,2020-12-20,551
K02000001,United Kingdom,overview,2020-12-19,548
K02000001,United Kingdom,overview,2020-12-18,586
K02000001,United Kingdom,overview,2020-12-17,567
K02000001,United Kingdom,overview,2020-12-16,484
K02000001,United Kingdom,overview,2020-12-15,507
K02000001,United Kingdom,overview,2020-12-14,506
K02000001,United Kingdom,overview,2020-12-13,480
K02000001,United Kingdom,overview,2020-12-12,488
K02000001,United Kingdom,overview,2020-12-11,491
K02000001,United Kingdom,overview,2020-12-10,496
K02000001,United Kingdom,overview,2020-12-09,448
K02000001,United Kingdom,overview,2020-12-08,472
K02000001,United Kingdom,overview,2020-12-07,466
K02000001,United Kingdom,overview,2020-12-06,436
K02000001,United Kingdom,overview,2020-12-05,407
K02000001,United Kingdom,overview,2020-12-04,499
K02000001,United Kingdom,overview,2020-12-03,504
K02000001,United Kingdom,overview,2020-12-02,414
K02000001,United Kingdom,overview,2020-12-01,425
K02000001,United Kingdom,overview,2020-11-30,465
K02000001,United Kingdom,overview,2020-11-29,501
K02000001,United Kingdom,overview,2020-11-28,486
K02000001,United Kingdom,overview,2020-11-27,460
K02000001,United Kingdom,overview,2020-11-26,461
K02000001,United Kingdom,overview,2020-11-25,499
K02000001,United Kingdom,overview,2020-11-24,496
K02000001,United Kingdom,overview,2020-11-23,508
K02000001,United Kingdom,overview,2020-11-22,512
K02000001,United Kingdom,overview,2020-11-21,498
K02000001,United Kingdom,overview,2020-11-20,485
K02000001,United Kingdom,overview,2020-11-19,485
K02000001,United Kingdom,overview,2020-11-18,514
K02000001,United Kingdom,overview,2020-11-17,466
K02000001,United Kingdom,overview,2020-11-16,431
K02000001,United Kingdom,overview,2020-11-15,457
K02000001,United Kingdom,overview,2020-11-14,459
K02000001,United Kingdom,overview,2020-11-13,450
K02000001,United Kingdom,overview,2020-11-12,430
K02000001,United Kingdom,overview,2020-11-11,409
K02000001,United Kingdom,overview,2020-11-10,410
K02000001,United Kingdom,overview,2020-11-09,493
K02000001,United Kingdom,overview,2020-11-08,433
K02000001,United Kingdom,overview,2020-11-07,417
K02000001,United Kingdom,overview,2020-11-06,417
K02000001,United Kingdom,overview,2020-11-05,388
K02000001,United Kingdom,overview,2020-11-04,340
K02000001,United Kingdom,overview,2020-11-03,377
K02000001,United Kingdom,overview,2020-11-02,338
K02000001,United Kingdom,overview,2020-11-01,359
K02000001,United Kingdom,overview,2020-10-31,340
K02000001,United Kingdom,overview,2020-10-30,352
K02000001,United Kingdom,overview,2020-10-29,320
K02000001,United Kingdom,overview,2020-10-28,281
K02000001,United Kingdom,overview,2020-10-27,285
K02000001,United Kingdom,overview,2020-10-26,282
K02000001,United Kingdom,overview,2020-10-25,255
K02000001,United Kingdom,overview,2020-10-24,219
K02000001,United Kingdom,overview,2020-10-23,225
K02000001,United Kingdom,overview,2020-10-22,242
K02000001,United Kingdom,overview,2020-10-21,232
K02000001,United Kingdom,overview,2020-10-20,210
K02000001,United Kingdom,overview,2020-10-19,193
K02000001,United Kingdom,overview,2020-10-18,167
K02000001,United Kingdom,overview,2020-10-17,186
K02000001,United Kingdom,overview,2020-10-16,162
K02000001,United Kingdom,overview,2020-10-15,152
K02000001,United Kingdom,overview,2020-10-14,123
K02000001,United Kingdom,overview,2020-10-13,119
K02000001,United Kingdom,overview,2020-10-12,120
K02000001,United Kingdom,overview,2020-10-11,128
K02000001,United Kingdom,overview,2020-10-10,107
K02000001,United Kingdom,overview,2020-10-09,96
K02000001,United Kingdom,overview,2020-10-08,97
K02000001,United Kingdom,overview,2020-10-07,110
K02000001,United Kingdom,overview,2020-10-06,84
K02000001,United Kingdom,overview,2020-10-05,68
K02000001,United Kingdom,overview,2020-10-04,63
K02000001,United Kingdom,overview,2020-10-03,70
K02000001,United Kingdom,overview,2020-10-02,74
K02000001,United Kingdom,overview,2020-10-01,71
K02000001,United Kingdom,overview,2020-09-30,61
K02000001,United Kingdom,overview,2020-09-29,48
K02000001,United Kingdom,overview,2020-09-28,55
K02000001,United Kingdom,overview,2020-09-27,56
K02000001,United Kingdom,overview,2020-09-26,47
K02000001,United Kingdom,overview,2020-09-25,40
K02000001,United Kingdom,overview,2020-09-24,34
K02000001,United Kingdom,overview,2020-09-23,58
K02000001,United Kingdom,overview,2020-09-22,39
K02000001,United Kingdom,overview,2020-09-21,30
K02000001,United Kingdom,overview,2020-09-20,40
K02000001,United Kingdom,overview,2020-09-19,25
K02000001,United Kingdom,overview,2020-09-18,30
K02000001,United Kingdom,overview,2020-09-17,38
K02000001,United Kingdom,overview,2020-09-16,31
K02000001,United Kingdom,overview,2020-09-15,26
K02000001,United Kingdom,overview,2020-09-14,21
K02000001,United Kingdom,overview,2020-09-13,20
K02000001,United Kingdom,overview,2020-09-12,23
K02000001,United Kingdom,overview,2020-09-11,20
K02000001,United Kingdom,overview,2020-09-10,16
K02000001,United Kingdom,overview,2020-09-09,14
K02000001,United Kingdom,overview,2020-09-08,16
K02000001,United Kingdom,overview,2020-09-07,24
K02000001,United Kingdom,overview,2020-09-06,13
K02000001,United Kingdom,overview,2020-09-05,14
K02000001,United Kingdom,overview,2020-09-04,15
K02000001,United Kingdom,overview,2020-09-03,9
K02000001,United Kingdom,overview,2020-09-02,15
K02000001,United Kingdom,overview,2020-09-01,11
K02000001,United Kingdom,overview,2020-08-31,18
K02000001,United Kingdom,overview,2020-08-30,11
K02000001,United Kingdom,overview,2020-08-29,8
K02000001,United Kingdom,overview,2020-08-28,12
K02000001,United Kingdom,overview,2020-08-27,12
K02000001,United Kingdom,overview,2020-08-26,16
K02000001,United Kingdom,overview,2020-08-25,22
K02000001,United Kingdom,overview,2020-08-24,10
K02000001,United Kingdom,overview,2020-08-23,17
K02000001,United Kingdom,overview,2020-08-22,12
K02000001,United Kingdom,overview,2020-08-21,10
K02000001,United Kingdom,overview,2020-08-20,16
K02000001,United Kingdom,overview,2020-08-19,13
K02000001,United Kingdom,overview,2020-08-18,15
K02000001,United Kingdom,overview,2020-08-17,21
K02000001,United Kingdom,overview,2020-08-16,15
K02000001,United Kingdom,overview,2020-08-15,23
K02000001,United Kingdom,overview,2020-08-14,18
K02000001,United Kingdom,overview,2020-08-13,23
K02000001,United Kingdom,overview,2020-08-12,24
K02000001,United Kingdom,overview,2020-08-11,20
K02000001,United Kingdom,overview,2020-08-10,25
K02000001,United Kingdom,overview,2020-08-09,19
K02000001,United Kingdom,overview,2020-08-08,22
K02000001,United Kingdom,overview,2020-08-07,24
K02000001,United Kingdom,overview,2020-08-06,21
K02000001,United Kingdom,overview,2020-08-05,13
K02000001,United Kingdom,overview,2020-08-04,27
K02000001,United Kingdom,overview,2020-08-03,23
K02000001,United Kingdom,overview,2020-08-02,17
K02000001,United Kingdom,overview,2020-08-01,20
K02000001,United Kingdom,overview,2020-07-31,31
K02000001,United Kingdom,overview,2020-07-30,17
K02000001,United Kingdom,overview,2020-07-29,28
K02000001,United Kingdom,overview,2020-07-28,26
K02000001,United Kingdom,overview,2020-07-27,18
K02000001,United Kingdom,overview,2020-07-26,32
K02000001,United Kingdom,overview,2020-07-25,23
K02000001,United Kingdom,overview,2020-07-24,19
K02000001,United Kingdom,overview,2020-07-23,36
K02000001,United Kingdom,overview,2020-07-22,34
K02000001,United Kingdom,overview,2020-07-21,31
K02000001,United Kingdom,overview,2020-07-20,31
K02000001,United Kingdom,overview,2020-07-19,24
K02000001,United Kingdom,overview,2020-07-18,31
K02000001,United Kingdom,overview,2020-07-17,34
K02000001,United Kingdom,overview,2020-07-16,21
K02000001,United Kingdom,overview,2020-07-15,41
K02000001,United Kingdom,overview,2020-07-14,42
K02000001,United Kingdom,overview,2020-07-13,45
K02000001,United Kingdom,overview,2020-07-12,32
K02000001,United Kingdom,overview,2020-07-11,38
K02000001,United Kingdom,overview,2020-07-10,44
K02000001,United Kingdom,overview,2020-07-09,61
K02000001,United Kingdom,overview,2020-07-08,47
K02000001,United Kingdom,overview,2020-07-07,43
K02000001,United Kingdom,overview,2020-07-06,54
K02000001,United Kingdom,overview,2020-07-05,52
K02000001,United Kingdom,overview,2020-07-04,52
K02000001,United Kingdom,overview,2020-07-03,48
K02000001,United Kingdom,overview,2020-07-02,61
K02000001,United Kingdom,overview,2020-07-01,54
K02000001,United Kingdom,overview,2020-06-30,81
K02000001,United Kingdom,overview,2020-06-29,69
K02000001,United Kingdom,overview,2020-06-28,71
K02000001,United Kingdom,overview,2020-06-27,73
K02000001,United Kingdom,overview,2020-06-26,79
K02000001,United Kingdom,overview,2020-06-25,108
K02000001,United Kingdom,overview,2020-06-24,101
K02000001,United Kingdom,overview,2020-06-23,97
K02000001,United Kingdom,overview,2020-06-22,83
K02000001,United Kingdom,overview,2020-06-21,80
K02000001,United Kingdom,overview,2020-06-20,87
K02000001,United Kingdom,overview,2020-06-19,88
K02000001,United Kingdom,overview,2020-06-18,90
K02000001,United Kingdom,overview,2020-06-17,105
K02000001,United Kingdom,overview,2020-06-16,120
K02000001,United Kingdom,overview,2020-06-15,107
K02000001,United Kingdom,overview,2020-06-14,136
K02000001,United Kingdom,overview,2020-06-13,101
K02000001,United Kingdom,overview,2020-06-12,135
K02000001,United Kingdom,overview,2020-06-11,121
K02000001,United Kingdom,overview,2020-06-10,166
K02000001,United Kingdom,overview,2020-06-09,137
K02000001,United Kingdom,overview,2020-06-08,161
K02000001,United Kingdom,overview,2020-06-07,163
K02000001,United Kingdom,overview,2020-06-06,151
K02000001,United Kingdom,overview,2020-06-05,184
K02000001,United Kingdom,overview,2020-06-04,183
K02000001,United Kingdom,overview,2020-06-03,203
K02000001,United Kingdom,overview,2020-06-02,233
K02000001,United Kingdom,overview,2020-06-01,199
K02000001,United Kingdom,overview,2020-05-31,195
K02000001,United Kingdom,overview,2020-05-30,219
K02000001,United Kingdom,overview,2020-05-29,254
K02000001,United Kingdom,overview,2020-05-28,288
K02000001,United Kingdom,overview,2020-05-27,282
K02000001,United Kingdom,overview,2020-05-26,300
K02000001,United Kingdom,overview,2020-05-25,279
K02000001,United Kingdom,overview,2020-05-24,281
K02000001,United Kingdom,overview,2020-05-23,284
K02000001,United Kingdom,overview,2020-05-22,300
K02000001,United Kingdom,overview,2020-05-21,342
K02000001,United Kingdom,overview,2020-05-20,353
K02000001,United Kingdom,overview,2020-05-19,372
K02000001,United Kingdom,overview,2020-05-18,407
K02000001,United Kingdom,overview,2020-05-17,377
K02000001,United Kingdom,overview,2020-05-16,419
K02000001,United Kingdom,overview,2020-05-15,421
K02000001,United Kingdom,overview,2020-05-14,465
K02000001,United Kingdom,overview,2020-05-13,454
K02000001,United Kingdom,overview,2020-05-12,441
K02000001,United Kingdom,overview,2020-05-11,428
K02000001,United Kingdom,overview,2020-05-10,494
K02000001,United Kingdom,overview,2020-05-09,539
K02000001,United Kingdom,overview,2020-05-08,569
K02000001,United Kingdom,overview,2020-05-07,631
K02000001,United Kingdom,overview,2020-05-06,627
K02000001,United Kingdom,overview,2020-05-05,642
K02000001,United Kingdom,overview,2020-05-04,676
K02000001,United Kingdom,overview,2020-05-03,662
K02000001,United Kingdom,overview,2020-05-02,705
K02000001,United Kingdom,overview,2020-05-01,786
K02000001,United Kingdom,overview,2020-04-30,780
K02000001,United Kingdom,overview,2020-04-29,817
K02000001,United Kingdom,overview,2020-04-28,801
K02000001,United Kingdom,overview,2020-04-27,866
K02000001,United Kingdom,overview,2020-04-26,894
K02000001,United Kingdom,overview,2020-04-25,919
K02000001,United Kingdom,overview,2020-04-24,1005
K02000001,United Kingdom,overview,2020-04-23,1038
K02000001,United Kingdom,overview,2020-04-22,1102
K02000001,United Kingdom,overview,2020-04-21,1085
K02000001,United Kingdom,overview,2020-04-20,1160
K02000001,United Kingdom,overview,2020-04-19,1122
K02000001,United Kingdom,overview,2020-04-18,1189
K02000001,United Kingdom,overview,2020-04-17,1272
K02000001,United Kingdom,overview,2020-04-16,1322
K02000001,United Kingdom,overview,2020-04-15,1276
K02000001,United Kingdom,overview,2020-04-14,1254
K02000001,United Kingdom,overview,2020-04-13,1232
K02000001,United Kingdom,overview,2020-04-12,1378
K02000001,United Kingdom,overview,2020-04-11,1365
K02000001,United Kingdom,overview,2020-04-10,1319
K02000001,United Kingdom,overview,2020-04-09,1375
K02000001,United Kingdom,overview,2020-04-08,1461
K02000001,United Kingdom,overview,2020-04-07,1293
K02000001,United Kingdom,overview,2020-04-06,1170
K02000001,United Kingdom,overview,2020-04-05,1220
K02000001,United Kingdom,overview,2020-04-04,1147
K02000001,United Kingdom,overview,2020-04-03,1061
K02000001,United Kingdom,overview,2020-04-02,1007
K02000001,United Kingdom,overview,2020-04-01,924
K02000001,United Kingdom,overview,2020-03-31,831
K02000001,United Kingdom,overview,2020-03-30,711
K02000001,United Kingdom,overview,2020-03-29,586
K02000001,United Kingdom,overview,2020-03-28,516
K02000001,United Kingdom,overview,2020-03-27,463
K02000001,United Kingdom,overview,2020-03-26,413
K02000001,United Kingdom,overview,2020-03-25,337
K02000001,United Kingdom,overview,2020-03-24,263
K02000001,United Kingdom,overview,2020-03-23,208
K02000001,United Kingdom,overview,2020-03-22,183
K02000001,United Kingdom,overview,2020-03-21,144
K02000001,United Kingdom,overview,2020-03-20,118
K02000001,United Kingdom,overview,2020-03-19,79
K02000001,United Kingdom,overview,2020-03-18,73
K02000001,United Kingdom,overview,2020-03-17,58
K02000001,United Kingdom,overview,2020-03-16,51
K02000001,United Kingdom,overview,2020-03-15,31
K02000001,United Kingdom,overview,2020-03-14,21
K02000001,United Kingdom,overview,2020-03-13,16
K02000001,United Kingdom,overview,2020-03-12,13
K02000001,United Kingdom,overview,2020-03-11,7
K02000001,United Kingdom,overview,2020-03-10,3
K02000001,United Kingdom,overview,2020-03-09,5
K02000001,United Kingdom,overview,2020-03-08,2
K02000001,United Kingdom,overview,2020-03-07,0
K02000001,United Kingdom,overview,2020-03-06,2
K02000001,United Kingdom,overview,2020-03-05,2
K02000001,United Kingdom,overview,2020-03-04,1
K02000001,United Kingdom,overview,2020-03-03,0
K02000001,United Kingdom,overview,2020-03-02,1
K02000001,United Kingdom,overview,2020-03-01,0
K02000001,United Kingdom,overview,2020-02-29,0
K02000001,United Kingdom,overview,2020-02-28,0
K02000001,United Kingdom,overview,2020-02-27,0
K02000001,United Kingdom,overview,2020-02-26,0
K02000001,United Kingdom,overview,2020-02-25,0
K02000001,United Kingdom,overview,2020-02-24,0
K02000001,United Kingdom,overview,2020-02-23,0
K02000001,United Kingdom,overview,2020-02-22,1
K02000001,United Kingdom,overview,2020-02-21,0
K02000001,United Kingdom,overview,2020-02-20,0
K02000001,United Kingdom,overview,2020-02-19,0
K02000001,United Kingdom,overview,2020-02-18,0
K02000001,United Kingdom,overview,2020-02-17,0
K02000001,United Kingdom,overview,2020-02-16,0
K02000001,United Kingdom,overview,2020-02-15,0
K02000001,United Kingdom,overview,2020-02-14,0
K02000001,United Kingdom,overview,2020-02-13,0
K02000001,United Kingdom,overview,2020-02-12,0
K02000001,United Kingdom,overview,2020-02-11,0
K02000001,United Kingdom,overview,2020-02-10,0
K02000001,United Kingdom,overview,2020-02-09,0
K02000001,United Kingdom,overview,2020-02-08,0
K02000001,United Kingdom,overview,2020-02-07,0
K02000001,United Kingdom,overview,2020-02-06,0
K02000001,United Kingdom,overview,2020-02-05,0
K02000001,United Kingdom,overview,2020-02-04,0
K02000001,United Kingdom,overview,2020-02-03,0
K02000001,United Kingdom,overview,2020-02-02,1
K02000001,United Kingdom,overview,2020-02-01,0
K02000001,United Kingdom,overview,2020-01-31,0
K02000001,United Kingdom,overview,2020-01-30,1
